X;Y
0.0;9323.68088301
0.01;9788.49083812
0.02;9486.62765182
0.03;9410.60817244
0.04;9414.14571255
0.05;2468.71078564
0.06;9024.38761519
0.07;9425.86441031
0.08;9577.29756736
0.09;8959.30770791
0.1;8959.09715161
0.11;9119.79323398
0.12;9082.70749035
0.13;9369.45647731
0.14;8723.65052965
0.15;8871.82286695
0.16;8775.10655401
0.17;8421.88012654
0.18;8581.80159642
0.19;8334.22973745
0.2;7724.28728612
0.21;8229.81754742
0.22;8661.87142431
0.23;8235.0821514
0.24;7995.34345427
0.25;7787.40004956
0.26;8287.9540277
0.27;7405.6540158
0.28;7689.63695563
0.29;7405.14623477
0.3;7646.84348187
0.31;7387.38555588
0.32;7188.5597107
0.33;7677.29914862
0.34;7462.80674853
0.35;7551.09034093
0.36;7155.32290148
0.37;11494.6818959
0.38;7746.68634
0.39;7087.64710081
0.4;7014.24534005
0.41;7435.62915941
0.42;7427.87811043
0.43;6525.58017141
0.44;6255.52043868
0.45;6397.25402913
0.46;7024.40957565
0.47;883.376362106
0.48;6543.73750916
0.49;6249.56577153
0.5;6162.7419189
0.51;6299.0965405
0.52;5955.8531986
0.53;6255.5606519
0.54;6171.71265434
0.55;10987.4461234
0.56;6153.22578974
0.57;5945.47877759
0.58;5499.41282526
0.59;5646.97952724
0.6;5739.70100433
0.61;5760.38053187
0.62;5538.31803388
0.63;6089.74087624
0.64;5009.91691177
0.65;5393.10711893
0.66;5364.14620015
0.67;5560.70878668
0.68;5479.45269842
0.69;5277.12225299
0.7;5325.57533156
0.71;4911.76192932
0.72;5166.47255271
0.73;5123.79342644
0.74;5175.5490006
0.75;4846.75497287
0.76;4998.57361026
0.77;4379.52048638
0.78;5032.45979928
0.79;4623.33065294
0.8;4679.74170267
0.81;4373.93821627
0.82;4816.84711871
0.83;4299.62544419
0.84;4204.29181701
0.85;4113.24648979
0.86;4101.49498253
0.87;3843.522332
0.88;4328.18078364
0.89;4069.37438824
0.9;4206.09263923
0.91;4173.08468178
0.92;3752.2161271
0.93;3854.08535861
0.94;3885.36577133
0.95;3766.93590051
0.96;4040.75387708
0.97;4023.96474701
0.98;4403.61748811
0.99;4047.9118678
1.0;3423.65665902
1.01;3687.21571473
1.02;3596.04293945
1.03;4221.64590099
1.04;3131.49319615
1.05;3500.11202806
1.06;3278.2478699
1.07;3342.30242221
1.08;5121.81126051
1.09;3484.65155513
1.1;3363.98356816
1.11;2957.55272024
1.12;2991.47343513
1.13;2773.03991015
1.14;2695.56049122
1.15;3726.53302541
1.16;2491.53760497
1.17;2753.0583624
1.18;2872.44495977
1.19;3034.68761586
1.2;2823.64008452
1.21;2696.5024136
1.22;2741.24453912
1.23;2873.41944899
1.24;2401.69694148
1.25;2800.50479324
1.26;2310.93588517
1.27;2334.73034426
1.28;2306.9834805
1.29;2625.88529286
1.3;2453.78943289
1.31;1855.11701608
1.32;2649.9348282
1.33;2645.03114242
1.34;2580.98103684
1.35;2320.61371622
1.36;2050.7393857
1.37;2187.89004109
1.38;1940.36553138
1.39;1899.65272364
1.4;1958.92917026
1.41;1608.33207879
1.42;1450.03376284
1.43;2210.79358002
1.44;2074.47095945
1.45;2210.67146956
1.46;2059.25404389
1.47;1668.47290586
1.48;1058.41958934
1.49;1606.45815969
1.5;947.839609138
1.51;2086.80053779
1.52;1809.76447471
1.53;1462.68373033
1.54;1101.49393253
1.55;929.680699872
1.56;1115.76245613
1.57;1607.65298729
1.58;1548.84268636
1.59;1563.77350772
1.6;651.023316841
1.61;1439.63905607
1.62;1118.39907667
1.63;793.302213757
1.64;1039.1010323
1.65;1647.70730813
1.66;1745.80877692
1.67;516.543599922
1.68;900.055580336
1.69;938.442469442
1.7;997.935898801
1.71;983.817017001
1.72;890.223312119
1.73;924.381870843
1.74;1068.72741466
1.75;818.429802564
1.76;897.751593123
1.77;817.798837005
1.78;556.370498171
1.79;787.048547546
1.8;465.258165136
1.81;1121.79941191
1.82;905.455846733
1.83;1076.44205533
1.84;486.120243658
1.85;380.736012874
1.86;625.712516214
1.87;465.481882263
1.88;665.192354852
1.89;394.011931301
1.9;515.425778845
1.91;-236.571807323
1.92;202.758792007
1.93;95.4415839297
1.94;185.448869609
1.95;-458.541671376
1.96;-457.53989894
1.97;47.8353017025
1.98;-177.91462215
1.99;7.38517291033
2.0;-172.857177148
2.01;224.987641642
2.02;-656.425181301
2.03;9.80899296313
2.04;351.517872339
2.05;302.348549781
2.06;-111.205674995
2.07;-29.0453340949
2.08;-377.684014511
2.09;150.94759259
2.1;-196.668272739
2.11;-42.3468993247
2.12;-362.316021843
2.13;-571.689887212
2.14;-597.630525471
2.15;-282.746565852
2.16;-842.798165521
2.17;-649.705701651
2.18;-638.86504496
2.19;-473.88898829
2.2;-937.352256956
2.21;-706.615098127
2.22;-271.6200953
2.23;-367.915206658
2.24;-819.674513573
2.25;-764.821797788
2.26;-1148.09607254
2.27;-707.905705653
2.28;-437.917386526
2.29;-306.433919919
2.3;-371.128027509
2.31;-161.903889925
2.32;-359.997098697
2.33;-779.432365237
2.34;-1409.16200943
2.35;-643.005723233
2.36;-500.163694269
2.37;-1014.82336553
2.38;-706.516753604
2.39;-1166.21617009
2.4;-1633.20697808
2.41;-671.307687939
2.42;-1399.61793139
2.43;-953.554981397
2.44;-859.112863409
2.45;-1035.656351
2.46;-1693.40212083
2.47;-949.923833021
2.48;-1234.29092076
2.49;-655.838093954
2.5;-1091.55770118
2.51;-620.418082562
2.52;-1688.30292811
2.53;-943.523965822
2.54;-1754.63870243
2.55;-1618.64068398
2.56;-1277.37120668
2.57;-1176.52716624
2.58;-1332.25445635
2.59;-1902.34167695
2.6;-1232.98356905
2.61;-980.27371396
2.62;-2086.3240403
2.63;-964.078439818
2.64;-1610.02613467
2.65;-1802.9582276
2.66;-1531.9157885
2.67;-1507.25652312
2.68;-1756.98792692
2.69;-1552.0624532
2.7;-1216.35763327
2.71;-1546.47582529
2.72;-1541.86921423
2.73;-1811.16609489
2.74;-1366.5900671
2.75;-1636.55288
2.76;-2216.02808344
2.77;-1516.85513505
2.78;-1124.32692231
2.79;-1416.08903595
2.8;-1369.99535399
2.81;-2207.42237107
2.82;-1506.35063628
2.83;-1721.62787488
2.84;-1611.93253658
2.85;-1197.96000262
2.86;-1793.72175752
2.87;-1620.22709073
2.88;-1843.48919057
2.89;-1683.35184793
2.9;-1572.0663591
2.91;-2534.17465635
2.92;-1637.44062692
2.93;-1970.84265453
2.94;-2215.2683255
2.95;-2420.55509022
2.96;-1758.70371883
2.97;-1573.07615317
2.98;-2317.45827995
2.99;-2209.65401324
3.0;-2192.97143428
3.01;-2017.3652296
3.02;-2257.17627373
3.03;-2527.69981662
3.04;-1821.4440912
3.05;-2148.22539002
3.06;-2787.62267164
3.07;-2165.5196282
3.08;-2181.47333222
3.09;-2343.3504387
3.1;-2474.42259851
3.11;-1911.45901139
3.12;-2503.47156359
3.13;-2436.99442888
3.14;-2107.74157695
3.15;-2317.39648661
3.16;-1979.01415617
3.17;-2318.14163697
3.18;-1991.01051974
3.19;-2086.75929925
3.2;-2307.11712332
3.21;-2468.85804519
3.22;-2384.7435075
3.23;-2408.74766066
3.24;-2607.01980411
3.25;-2995.2149544
3.26;-2368.92604845
3.27;-2456.22343512
3.28;-2574.8925937
3.29;-2381.75791298
3.3;-2754.55302537
3.31;-2477.40190788
3.32;-2155.42242974
3.33;-2330.26436557
3.34;-2045.49956749
3.35;-2882.95886008
3.36;-2069.95993506
3.37;-2475.49300274
3.38;-1952.42833559
3.39;-2098.01184426
3.4;-2308.74008763
3.41;-2218.14064434
3.42;-2152.26879449
3.43;-2748.70646814
3.44;-1754.70180635
3.45;-2338.40095786
3.46;-2963.29459987
3.47;-2465.06709149
3.48;-2616.82152059
3.49;-2770.98914252
3.5;-2624.00762608
3.51;-2207.42893518
3.52;-2772.51536314
3.53;-3274.96717099
3.54;-2684.22028534
3.55;-2564.8858123
3.56;-2696.8361577
3.57;-2724.23643924
3.58;-3275.47992638
3.59;-2610.7109039
3.6;-2603.43418014
3.61;-3250.59483013
3.62;-2309.69390809
3.63;-2408.90462347
3.64;-3121.84838976
3.65;-2642.21558605
3.66;-2522.69124477
3.67;-2195.18800229
3.68;-3006.99009651
3.69;-2856.42313857
3.7;-2437.63191668
3.71;-2952.77184936
3.72;-2353.82370246
3.73;-2887.57425937
3.74;-2530.11855544
3.75;-2886.61704977
3.76;-2762.81196329
3.77;-2140.45412309
3.78;-2918.06593259
3.79;-2997.2458414
3.8;-2552.61445211
3.81;-1903.68986822
3.82;-2871.81134823
3.83;-3059.2809647
3.84;-2297.57196944
3.85;-2392.44812304
3.86;-3151.0778357
3.87;-3224.97158892
3.88;-2582.40210741
3.89;-2959.59307671
3.9;-2487.70174789
3.91;-2390.35536632
3.92;-2896.11935324
3.93;-2897.39766139
3.94;64.7331604683
3.95;-2921.45942791
3.96;-3282.50692913
3.97;-3185.58700613
3.98;-2525.97402727
3.99;-2999.51657895
4.0;-2791.25286765
4.01;-2593.64345891
4.02;-3484.72239712
4.03;-2385.23008445
4.04;-2707.22420985
4.05;-3266.54052425
4.06;-2772.07892228
4.07;-2996.03803793
4.08;-2951.91153048
4.09;-3378.1307406
4.1;-2413.22539677
4.11;-2260.89626939
4.12;-2592.44548
4.13;-2535.07772974
4.14;-2440.39381058
4.15;-3332.78774592
4.16;-2276.91631276
4.17;-2825.69896647
4.18;-2759.07534151
4.19;-3526.89375399
4.2;-2775.44056606
4.21;-2914.49605131
4.22;-2809.66981989
4.23;-2785.47857483
4.24;-2934.44234936
4.25;-2668.34902658
4.26;-2624.90452062
4.27;-3088.36220342
4.28;-2488.84668323
4.29;-2950.04007581
4.3;-2525.41987561
4.31;-2854.88496355
4.32;-2811.16174578
4.33;-2981.886087
4.34;-3357.91099866
4.35;-2651.12256349
4.36;-3103.0420876
4.37;-2946.63208519
4.38;-2734.66358338
4.39;-2888.74689636
4.4;-3062.78428533
4.41;-2902.49512261
4.42;-3210.68195568
4.43;-2833.2255541
4.44;-2749.55831326
4.45;-2927.54055963
4.46;-2404.08380402
4.47;-2738.05264392
4.48;-2748.77219721
4.49;-2966.96496029
4.5;-3205.00245303
4.51;-2661.72830144
4.52;1771.37674147
4.53;-3140.54033164
4.54;-3166.25548992
4.55;-3110.57801937
4.56;-3144.91227492
4.57;-2268.9741987
4.58;-2710.91505339
4.59;-3046.44195319
4.6;-2570.59088193
4.61;-2579.61004332
4.62;-2529.48959424
4.63;-2794.63143358
4.64;-3153.49229151
4.65;-2988.92655511
4.66;-2678.18489762
4.67;-2912.27581603
4.68;-2381.88458879
4.69;-2850.15148167
4.7;-3156.90184854
4.71;-2875.48465976
4.72;-2965.67656763
4.73;-2877.84217617
4.74;-3160.04001661
4.75;-2651.04163051
4.76;-2670.80735812
4.77;-2997.13870827
4.78;-3043.89973025
4.79;-2573.80501724
4.8;-2913.19326533
4.81;-2879.92268692
4.82;-2496.71076247
4.83;-2834.49651937
4.84;-2936.37541558
4.85;-2612.71490931
4.86;-2915.63321401
4.87;-2749.04466973
4.88;-3344.6237738
4.89;-2623.77869297
4.9;-2628.10811047
4.91;-2230.42331067
4.92;-2898.38356244
4.93;-2755.0785765
4.94;-3305.22254135
4.95;-2109.73153288
4.96;-2566.80588227
4.97;-3170.06670763
4.98;-2507.36786162
4.99;-2982.731633
5.0;-2401.69411124
5.01;-3093.36523861
5.02;-3074.62834529
5.03;-2657.66493714
5.04;-2726.36107375
5.05;-2475.82445494
5.06;-2060.92097319
5.07;-2226.46539627
5.08;-2581.00195441
5.09;-2710.01094005
5.1;-2259.452914
5.11;-2136.06330442
5.12;-2631.20853726
5.13;-3014.47713008
5.14;-2657.39033681
5.15;-2691.61371932
5.16;-2497.80949825
5.17;-2453.55326859
5.18;-2522.05068941
5.19;-2754.12516688
5.2;-2991.46302446
5.21;-2868.99323818
5.22;-2745.188039
5.23;6509.87292148
5.24;-2561.25194766
5.25;-2447.9514755
5.26;-2562.31610231
5.27;-2099.31182987
5.28;-2924.44727585
5.29;-3150.62407658
5.3;-2747.68365835
5.31;-2304.03531428
5.32;-2825.88221685
5.33;-2748.21574195
5.34;-2694.12277429
5.35;-2504.21071999
5.36;-1964.43727115
5.37;-2527.23910808
5.38;-2511.9519042
5.39;-2579.71288823
5.4;-2776.62241839
5.41;-2464.47494079
5.42;-2531.02954516
5.43;-2216.18924942
5.44;-2693.69065305
5.45;-2283.28978145
5.46;-2305.25494851
5.47;-2428.73708357
5.48;-2554.53971872
5.49;-2551.24212301
5.5;-1684.21219223
5.51;-2408.57564772
5.52;-2266.4864197
5.53;-2250.80786203
5.54;-2234.64185853
5.55;-2432.70015886
5.56;-2192.14591236
5.57;-2282.4700608
5.58;-2125.10630797
5.59;-2650.37268856
5.6;-2364.53454292
5.61;-2158.22366715
5.62;-2864.01504571
5.63;-2569.27339406
5.64;-2667.83731055
5.65;-2135.91684404
5.66;-2006.92606602
5.67;-2453.23737443
5.68;-2190.35826816
5.69;-2453.43147271
5.7;-1469.34232804
5.71;-2358.19257405
5.72;-1770.74446176
5.73;-2292.7015235
5.74;-2541.04167182
5.75;-2241.41001028
5.76;-2133.32638161
5.77;-2094.95490962
5.78;-2345.69485138
5.79;-2567.94273228
5.8;-2748.32864143
5.81;-1592.54129756
5.82;-2549.74796742
5.83;-2514.49086047
5.84;-2182.29569851
5.85;-2650.29378511
5.86;-1882.4531972
5.87;-2135.55740566
5.88;-1480.00953479
5.89;-1664.90350172
5.9;-2097.25953363
5.91;-1692.47448165
5.92;-1936.52583943
5.93;-2303.19391711
5.94;-2285.11472551
5.95;-2291.80945513
5.96;-1919.21376342
5.97;-2047.3097953
5.98;-2251.96167773
5.99;-1880.43417651
6.0;-2205.95699651
6.01;-2412.43448174
6.02;-1824.86913402
6.03;-1626.14695461
6.04;-2085.69664105
6.05;-2334.73946965
6.06;-1872.55732098
6.07;-1988.20473003
6.08;-2277.86461886
6.09;-1741.73483384
6.1;-2096.28529293
6.11;-2256.14027111
6.12;-1575.14464304
6.13;-2068.69324766
6.14;-2053.33740555
6.15;-2225.76048381
6.16;-1436.95734286
6.17;-838.617140432
6.18;-1958.95477229
6.19;-2389.17615866
6.2;-1992.54488023
6.21;-1968.28394041
6.22;-1537.0032199
6.23;-1703.20077791
6.24;-1518.13463413
6.25;-1770.71663319
6.26;-1365.96886207
6.27;-1536.15580942
6.28;-2604.48433853
6.29;-1767.59707382
6.3;-1938.89821353
6.31;-1659.01021427
6.32;-1817.61380877
6.33;-1551.1424933
6.34;-1172.00250798
6.35;-1413.81566637
6.36;-1188.75441206
6.37;-1716.98144017
6.38;-1440.29464388
6.39;-1551.95649957
6.4;-1562.72880678
6.41;-1473.69747124
6.42;-1371.39567805
6.43;-1562.62212107
6.44;-1588.67262048
6.45;-1642.08423535
6.46;-1334.82386686
6.47;-1599.39905839
6.48;-1363.27195176
6.49;-1532.90324302
6.5;-1522.13375456
6.51;-1183.22793083
6.52;-1596.89081257
6.53;-1492.56620153
6.54;-1305.69839888
6.55;-1404.3878545
6.56;-1562.34825931
6.57;-1564.94055803
6.58;-1344.03764105
6.59;-1291.3424915
6.6;-1746.80227239
6.61;-1607.01496107
6.62;-874.19905038
6.63;-1334.59001738
6.64;-1496.58648073
6.65;-1507.9114719
6.66;-1399.57262325
6.67;-1395.53694376
6.68;-1645.44610922
6.69;-1229.26744084
6.7;-832.340660128
6.71;-1436.51041778
6.72;-1018.21282458
6.73;-1156.594625
6.74;-1077.24822676
6.75;-1341.40980888
6.76;-1417.18743243
6.77;-1541.87055066
6.78;-1364.16365781
6.79;-1261.02267208
6.8;-1628.95393555
6.81;-860.629426157
6.82;-1278.38903526
6.83;-1462.14713311
6.84;-941.734586092
6.85;-768.853169677
6.86;-920.884930477
6.87;-930.554250814
6.88;-1240.41739524
6.89;-685.43428206
6.9;-1463.27569454
6.91;-297.453163156
6.92;-1386.84943972
6.93;-948.334354342
6.94;-1383.34960229
6.95;-850.683943961
6.96;-1314.49892459
6.97;-1315.14786827
6.98;-1076.2944121
6.99;-748.512399162
7.0;-745.972970845
7.01;-621.407187965
7.02;-781.428546299
7.03;-846.723573877
7.04;-821.723708656
7.05;-787.469220716
7.06;-842.403409823
7.07;-1244.27387721
7.08;-818.155776069
7.09;-828.917258304
7.1;-755.068379734
7.11;-833.49996167
7.12;-1554.33300382
7.13;-904.682749617
7.14;-1137.95929879
7.15;-625.162587574
7.16;-773.875746
7.17;-507.155999042
7.18;-882.620887377
7.19;-517.278256849
7.2;-1063.80823657
7.21;-1129.52224254
7.22;-377.421414664
7.23;-843.664375987
7.24;-827.558416027
7.25;-1080.96015792
7.26;-849.092085875
7.27;-1027.52175945
7.28;-563.609578223
7.29;-769.351781449
7.3;-807.084902449
7.31;-990.522132834
7.32;-703.551211971
7.33;-601.427908479
7.34;120.960917332
7.35;-510.493975012
7.36;-579.652628149
7.37;-877.83966287
7.38;-779.779260724
7.39;-757.817205581
7.4;-973.564085107
7.41;-753.734477059
7.42;-700.875429015
7.43;-1126.52938338
7.44;-488.71869609
7.45;-896.182482179
7.46;-848.987929516
7.47;-3.38908732253
7.48;-500.348016361
7.49;-871.010554989
7.5;-583.193722589
7.51;-489.067078042
7.52;-637.098674335
7.53;-756.411216614
7.54;-673.541114882
7.55;154.809374311
7.56;-16.4664250079
7.57;-532.281648701
7.58;-585.322760642
7.59;-229.687743
7.6;332.59504904
7.61;-271.548902051
7.62;-175.422160221
7.63;-116.710679088
7.64;-362.116880379
7.65;-148.780480165
7.66;-618.386560775
7.67;-174.88333032
7.68;-902.522688194
7.69;-673.826562843
7.7;197.391813325
7.71;-708.188505595
7.72;-358.821786308
7.73;-311.243602159
7.74;-15.6814588316
7.75;-339.939028631
7.76;-153.463063707
7.77;176.045904229
7.78;49.4805275779
7.79;-897.956071702
7.8;-652.295894644
7.81;-579.136182549
7.82;579.266580183
7.83;-17.0883214469
7.84;-305.821147932
7.85;165.000591578
7.86;-366.796285195
7.87;-1162.53090301
7.88;378.858798749
7.89;261.435201029
7.9;244.909504203
7.91;113.729486082
7.92;-109.261245466
7.93;118.170294079
7.94;119.617704782
7.95;-272.884389848
7.96;-614.655817704
7.97;239.089349031
7.98;-261.935592936
7.99;-86.3460469284
8.0;528.706411264
8.01;310.657950213
8.02;-784.587003764
8.03;135.792330848
8.04;-58.6484105648
8.05;-471.296715918
8.06;324.420024305
8.07;230.414124112
8.08;-217.250613859
8.09;249.292763037
8.1;240.078469301
8.11;-274.260468857
8.12;-5618.20087258
8.13;289.515094988
8.14;211.247675567
8.15;431.753986138
8.16;-175.478411005
8.17;24.3523516176
8.18;328.593244089
8.19;239.888401674
8.2;711.486443115
8.21;-5495.49891684
8.22;-67.3334163114
8.23;531.203982615
8.24;779.20225944
8.25;100.207990286
8.26;425.957093312
8.27;244.160982961
8.28;-109.38739564
8.29;302.156667969
8.3;249.425948611
8.31;612.860113668
8.32;749.463835798
8.33;340.079203218
8.34;168.492836144
8.35;718.502938104
8.36;485.550292358
8.37;398.522304737
8.38;260.278988307
8.39;-157.56465856
8.4;453.177104234
8.41;185.017640985
8.42;160.400914994
8.43;895.375060789
8.44;540.622373006
8.45;419.833925149
8.46;-95.3705420572
8.47;414.138927971
8.48;70.6801263413
8.49;21.4418787717
8.5;465.919221816
8.51;582.800609185
8.52;730.914318964
8.53;402.807957359
8.54;831.142324946
8.55;418.627015911
8.56;-3341.47329159
8.57;677.102446372
8.58;27.6608042851
8.59;454.871554441
8.6;1294.15826116
8.61;397.723795776
8.62;1588.62203232
8.63;612.776436254
8.64;-25.7917153874
8.65;637.288931734
8.66;710.539757665
8.67;576.088799394
8.68;568.224929737
8.69;728.682391872
8.7;460.207034144
8.71;900.182586174
8.72;647.184699478
8.73;949.83245693
8.74;755.126443849
8.75;-3539.37319908
8.76;774.421545978
8.77;702.102754842
8.78;1005.90253166
8.79;716.32096187
8.8;695.501030638
8.81;738.862140427
8.82;791.262523275
8.83;458.690040962
8.84;731.19057604
8.85;1006.36119336
8.86;1312.57419685
8.87;721.316254407
8.88;616.708629804
8.89;1495.96460862
8.9;895.067655544
8.91;874.567464514
8.92;760.989908692
8.93;176.852317753
8.94;893.37794311
8.95;505.531459264
8.96;739.621655673
8.97;807.88129471
8.98;1073.14847561
8.99;846.110877394
9.0;400.642441099
9.01;934.727680449
9.02;1126.06210811
9.03;632.914222757
9.04;505.446570423
9.05;402.267841035
9.06;879.842366932
9.07;1422.9337171
9.08;535.130768486
9.09;1032.45130836
9.1;873.85187439
9.11;1127.37123984
9.12;1005.41331789
9.13;1165.52745023
9.14;943.68307595
9.15;732.653074309
9.16;1440.22430187
9.17;466.872531984
9.18;1070.62702507
9.19;1819.96201293
9.2;1305.99674934
9.21;1192.66252947
9.22;1360.8037277
9.23;887.98172481
9.24;1522.49212463
9.25;1317.4640223
9.26;1248.18595372
9.27;1273.52401175
9.28;931.98680654
9.29;1225.08244305
9.3;931.652216753
9.31;781.062578254
9.32;1130.62708104
9.33;885.71893076
9.34;1146.31794343
9.35;1443.72280733
9.36;954.865450176
9.37;1210.48440257
9.38;1204.63919815
9.39;761.598233951
9.4;1047.46319871
9.41;1405.70495838
9.42;1058.01177635
9.43;1418.11375477
9.44;1903.63173073
9.45;1326.88931973
9.46;1256.0980327
9.47;1325.12322689
9.48;1186.4865473
9.49;1705.02385983
9.5;1183.74476325
9.51;1309.41834156
9.52;1917.04954777
9.53;1492.23946452
9.54;1154.45166905
9.55;1016.37446691
9.56;1698.08623763
9.57;1497.8668058
9.58;3053.20873303
9.59;1161.16960867
9.6;1751.15780431
9.61;1154.93348071
9.62;1880.73066245
9.63;1309.48728053
9.64;1679.39194916
9.65;1064.48989231
9.66;1410.47232236
9.67;1641.48428962
9.68;1452.04971069
9.69;1542.231011
9.7;1373.2398602
9.71;1380.2575379
9.72;1336.03520543
9.73;1746.03205589
9.74;1312.53114108
9.75;1557.88805045
9.76;1491.74761113
9.77;1697.74960285
9.78;914.833251758
9.79;930.1423298
9.8;1687.39383956
9.81;1589.07927801
9.82;1825.70454284
9.83;792.915102438
9.84;1276.7200497
9.85;1770.11214801
9.86;1425.2598523
9.87;1608.35054973
9.88;1332.27382412
9.89;2042.29195573
9.9;1312.38738062
9.91;1496.05932997
9.92;1235.8046023
9.93;1555.06267595
9.94;1291.14554737
9.95;1494.80940494
9.96;1885.90313778
9.97;585.502565882
9.98;1348.14803049
9.99;2151.00099919
10.0;1669.09453481
10.01;1441.9773581
10.02;1388.74571111
10.03;1511.26364788
10.04;923.729591677
10.05;1949.46402279
10.06;1338.00786723
10.07;1881.55154968
10.08;1686.88331921
10.09;1325.07270599
10.1;1090.03109165
10.11;1396.207048
10.12;1763.92412324
10.13;1479.45542624
10.14;1700.53009455
10.15;1652.49375468
10.16;1506.23171104
10.17;898.545590517
10.18;1461.93896595
10.19;1857.92970956
10.2;1495.92193875
10.21;1654.1792638
10.22;1916.2584777
10.23;1304.49022776
10.24;1861.30512447
10.25;1505.8280164
10.26;1473.24502134
10.27;2186.61741917
10.28;1289.2881178
10.29;1727.21650411
10.3;1258.54991326
10.31;2204.44404698
10.32;1690.86105465
10.33;2409.72043427
10.34;2084.50284017
10.35;2003.45555865
10.36;1601.59056199
10.37;1603.51195235
10.38;1866.52873953
10.39;1856.23957148
10.4;1736.8692232
10.41;1565.801412
10.42;1989.60183433
10.43;2063.06793972
10.44;2138.17274459
10.45;1699.94269941
10.46;1929.95030653
10.47;2007.42961603
10.48;346.500114537
10.49;1722.38062743
10.5;1766.21659985
10.51;1972.57360176
10.52;1669.78896757
10.53;1720.93049054
10.54;-233.034017957
10.55;1440.53859453
10.56;917.927647158
10.57;2030.53983659
10.58;1560.72785434
10.59;1763.95963543
10.6;2003.89705088
10.61;1940.2514346
10.62;1883.46713282
10.63;2305.7000996
10.64;2214.5447005
10.65;2245.72230579
10.66;2068.74953486
10.67;1795.40231066
10.68;1581.27939215
10.69;2292.66821571
10.7;2000.16406156
10.71;1468.6699296
10.72;1889.53090994
10.73;1898.35776159
10.74;2144.69792467
10.75;1703.4698645
10.76;2096.32337939
10.77;2146.57155355
10.78;2067.18475172
10.79;1683.89648645
10.8;1620.75398401
10.81;2069.04580887
10.82;1795.8076866
10.83;2278.73339883
10.84;2217.48080454
10.85;1958.79661774
10.86;1844.99323278
10.87;2140.34993495
10.88;2293.8746057
10.89;1835.60135536
10.9;1674.8157606
10.91;2266.90267147
10.92;1963.05351668
10.93;3291.46039709
10.94;1694.36635197
10.95;2065.07552102
10.96;2158.30455525
10.97;2003.02537511
10.98;1479.19455498
10.99;1911.77245912
11.0;1898.51887923
11.01;1667.87741567
11.02;1807.72756458
11.03;1395.09423763
11.04;2239.23593411
11.05;2106.68500479
11.06;1460.7501635
11.07;2469.60892738
11.08;1766.34874724
11.09;2125.35921116
11.1;1873.08575326
11.11;2442.3379814
11.12;2247.3404758
11.13;1814.25871174
11.14;1851.44485309
11.15;1996.09182802
11.16;2279.90608322
11.17;1749.28404875
11.18;1773.69703255
11.19;1884.56098127
11.2;1766.98404504
11.21;1874.64039312
11.22;1869.07843529
11.23;1736.18810105
11.24;1792.22701906
11.25;1474.00136012
11.26;2123.48218757
11.27;1669.94921902
11.28;1665.83608673
11.29;1546.42067191
11.3;2010.90809642
11.31;2218.72976304
11.32;1501.28931113
11.33;2262.74578621
11.34;1903.34364935
11.35;2011.16269157
11.36;1461.58581416
11.37;1901.2431529
11.38;1813.47691016
11.39;2218.41292048
11.4;2236.57790829
11.41;2023.22512623
11.42;1925.06689834
11.43;2189.51767653
11.44;1795.65904738
11.45;2215.57970045
11.46;2077.57881637
11.47;1452.14341266
11.48;2352.20690551
11.49;1967.77218211
11.5;1861.99001928
11.51;1441.92140495
11.52;1820.98039553
11.53;1993.70320639
11.54;1908.46114393
11.55;1707.14534367
11.56;1812.7130269
11.57;2140.9204603
11.58;1486.01702318
11.59;2466.77827878
11.6;2359.28021367
11.61;1849.02183396
11.62;1832.12534436
11.63;2018.73737171
11.64;2242.28157928
11.65;1685.40378204
11.66;2160.96506289
11.67;1993.05015909
11.68;2264.78486628
11.69;2022.3741034
11.7;1767.49270381
11.71;2141.24471399
11.72;1584.71476091
11.73;1277.65880737
11.74;1955.15558277
11.75;1583.11726384
11.76;1847.85635131
11.77;2301.23081515
11.78;2061.41100846
11.79;1606.15312722
11.8;2267.72942827
11.81;2037.19161814
11.82;2097.99282335
11.83;2265.55860613
11.84;1841.58964485
11.85;2066.93360889
11.86;1532.77136126
11.87;1849.5223335
11.88;2071.1765867
11.89;1609.07926172
11.9;1804.56497791
11.91;2623.16054368
11.92;1970.33345356
11.93;1759.96412509
11.94;1776.65525935
11.95;2387.94510897
11.96;2008.00395628
11.97;1928.04050742
11.98;1753.07648303
11.99;1586.51856704
12.0;1767.70344538
12.01;2039.69584855
12.02;1652.69662755
12.03;1428.65060712
12.04;1901.99093652
12.05;2086.93375333
12.06;2057.34405156
12.07;1973.12608955
12.08;2092.99865596
12.09;2177.76764633
12.1;1753.30519259
12.11;1215.63881149
12.12;2116.55348306
12.13;2009.24156028
12.14;1677.85485289
12.15;1334.47457131
12.16;1826.86437958
12.17;2234.75334388
12.18;1708.50205124
12.19;2036.16657014
12.2;1910.97603425
12.21;1502.40592062
12.22;1687.13339892
12.23;1950.04930691
12.24;1754.55331342
12.25;1912.61461817
12.26;1651.47646963
12.27;1761.35667367
12.28;2872.76767065
12.29;1821.73859189
12.3;1719.46759739
12.31;2020.3370408
12.32;1792.78574866
12.33;1616.51381961
12.34;1996.92169943
12.35;1006.13479946
12.36;2306.08325796
12.37;1671.0576221
12.38;1555.74888604
12.39;2483.04097435
12.4;1515.22734845
12.41;2133.02708779
12.42;2268.7852266
12.43;1902.92803792
12.44;1619.87202672
12.45;2172.66373032
12.46;1387.33638331
12.47;1491.39183111
12.48;1971.35690836
12.49;1128.54628857
12.5;2206.36584853
12.51;1797.86655715
12.52;1578.86335683
12.53;2066.11459167
12.54;1641.17297252
12.55;1936.50292745
12.56;2022.20578168
12.57;1641.79233054
12.58;1715.37148891
12.59;1806.20952497
12.6;2038.45692399
12.61;1795.07522195
12.62;1705.55350062
12.63;1566.55706488
12.64;2402.23733982
12.65;2606.41109223
12.66;1402.33437896
12.67;1723.38388283
12.68;1824.24520944
12.69;2014.0807171
12.7;1694.09188822
12.71;1606.48978398
12.72;2067.56100804
12.73;1784.53162328
12.74;1589.99676371
12.75;871.734607262
12.76;1426.28520931
12.77;1412.12158486
12.78;1967.88028791
12.79;1551.68894433
12.8;1711.55258571
12.81;1711.31874253
12.82;1431.29837331
12.83;1384.35196007
12.84;1095.7455138
12.85;1984.02417808
12.86;1492.62783744
12.87;1509.43727188
12.88;1753.64179746
12.89;1722.88495002
12.9;1415.15482121
12.91;1531.09513205
12.92;1518.12382847
12.93;1794.26944504
12.94;1473.78502657
12.95;1301.41724302
12.96;1277.41682507
12.97;1319.23024744
12.98;1464.50720046
12.99;1418.30416977
13.0;1759.88413676
13.01;1178.36076448
13.02;2272.80825316
13.03;1171.54861315
13.04;1181.29912107
13.05;1230.79336077
13.06;1910.68761983
13.07;1785.58031542
13.08;1314.98310502
13.09;1891.86341044
13.1;1162.09469498
13.11;2067.73343936
13.12;1298.33350213
13.13;1422.25331204
13.14;1305.22636772
13.15;1759.36952745
13.16;848.488464097
13.17;1219.89000392
13.18;1581.59991411
13.19;1467.94005053
13.2;1130.53058882
13.21;1000.44035672
13.22;1123.81041093
13.23;1174.71561465
13.24;1038.32440163
13.25;1268.68744018
13.26;1590.12609556
13.27;1755.82593975
13.28;2836.47939535
13.29;1603.797535
13.3;1028.84311391
13.31;727.76370323
13.32;1089.44584416
13.33;1315.20884499
13.34;1084.50224543
13.35;897.108786536
13.36;1114.7001109
13.37;884.288255693
13.38;1464.9776714
13.39;1260.70953838
13.4;1293.69514562
13.41;1418.77812108
13.42;1196.64418052
13.43;1091.71737253
13.44;1150.95988241
13.45;937.741116505
13.46;1142.98342399
13.47;1044.67645344
13.48;1164.96323294
13.49;838.025435092
13.5;1586.34339192
13.51;832.676866819
13.52;1241.38948338
13.53;986.691654858
13.54;1197.77783292
13.55;1640.36694941
13.56;320.210925131
13.57;1609.09202457
13.58;837.889311124
13.59;679.90515816
13.6;1474.03285625
13.61;867.043955775
13.62;1207.81692578
13.63;499.773604842
13.64;1701.70474864
13.65;1509.51633051
13.66;1374.74068902
13.67;541.933427518
13.68;995.184353142
13.69;1406.89176448
13.7;714.525975941
13.71;1108.75972349
13.72;728.943330777
13.73;953.561623209
13.74;991.911305954
13.75;1299.63365767
13.76;839.15161953
13.77;923.866006348
13.78;639.485773234
13.79;752.179669551
13.8;1614.21430433
13.81;893.403214495
13.82;1490.425256
13.83;954.641432199
13.84;824.222856812
13.85;728.341134182
13.86;884.160864469
13.87;1018.11153858
13.88;1329.62738306
13.89;673.466331323
13.9;834.506512797
13.91;1062.01148279
13.92;937.21568746
13.93;653.771373735
13.94;1100.58643771
13.95;902.213598701
13.96;874.451291242
13.97;1282.62196008
13.98;1152.62951404
13.99;911.717618585
14.0;1005.38686151
14.01;1178.53930881
14.02;1111.64652342
14.03;858.553207639
14.04;470.202249696
14.05;527.901440584
14.06;1167.52345812
14.07;986.313410328
14.08;742.802607382
14.09;793.542253076
14.1;548.325097725
14.11;425.217817537
14.12;925.448683849
14.13;215.616077904
14.14;685.122209337
14.15;1011.29107862
14.16;793.959807938
14.17;1216.08517303
14.18;298.962749021
14.19;568.468153198
14.2;19.3536436266
14.21;329.968867642
14.22;932.57442827
14.23;805.193138134
14.24;761.847717064
14.25;735.687136862
14.26;831.964574532
14.27;470.621347418
14.28;355.874833818
14.29;556.706498805
14.3;298.662591103
14.31;292.765268665
14.32;342.928471576
14.33;518.558204698
14.34;759.780210196
14.35;433.420021616
14.36;764.528290335
14.37;951.694358191
14.38;353.289790756
14.39;795.770014955
14.4;1087.79026382
14.41;426.888086352
14.42;208.889425756
14.43;738.530754425
14.44;397.173265785
14.45;92.3504683623
14.46;140.524824819
14.47;477.520704314
14.48;34.089456081
14.49;1128.01885188
14.5;665.140767998
14.51;-123.532409088
14.52;241.836144543
14.53;382.277465594
14.54;669.649099812
14.55;563.278658775
14.56;608.443399472
14.57;511.198273311
14.58;-99.9669299972
14.59;348.30870345
14.6;245.960044552
14.61;186.732138132
14.62;252.509702569
14.63;93.7939764873
14.64;320.347891726
14.65;237.135902909
14.66;-50.1957656488
14.67;687.065077212
14.68;150.846732104
14.69;484.304719374
14.7;423.178314044
14.71;481.742685415
14.72;709.431026538
14.73;229.095657204
14.74;-129.83158727
14.75;-31.0168047798
14.76;191.522419335
14.77;344.897375851
14.78;-433.101595906
14.79;470.004084487
14.8;-34.8509493071
14.81;43.9289338395
14.82;262.030106467
14.83;-39.4676977417
14.84;71.695126102
14.85;377.023281555
14.86;583.261137478
14.87;197.555615479
14.88;627.304720501
14.89;202.089304309
14.9;31.3204714637
14.91;290.797114577
14.92;-196.016649913
14.93;221.527653998
14.94;48.3791636903
14.95;70.7209612564
14.96;572.882180643
14.97;184.226968221
14.98;20.5110375042
14.99;-173.363579354
15.0;232.419257484
15.01;331.666645067
15.02;68.5107518487
15.03;295.835107647
15.04;250.234303068
15.05;218.418074204
15.06;-312.390960044
15.07;-143.262536205
15.08;-476.53781951
15.09;193.514698373
15.1;606.052049867
15.11;423.550728301
15.12;-752.821848985
15.13;-479.672112112
15.14;-188.395066431
15.15;669.708043608
15.16;-659.735281381
15.17;-559.721743117
15.18;-82.2910243696
15.19;-300.914516683
15.2;-174.59176624
15.21;-377.965113028
15.22;-313.426240976
15.23;-65.8307636003
15.24;-929.689112842
15.25;55.188378483
15.26;20.7057052644
15.27;-259.3486981
15.28;-400.146620801
15.29;-613.325759891
15.3;-128.234207544
15.31;111.540324032
15.32;-789.947019861
15.33;-290.824594194
15.34;269.721642325
15.35;-115.344631695
15.36;-401.490814543
15.37;-313.79431234
15.38;-777.888132099
15.39;-802.228366633
15.4;246.829744705
15.41;-663.737175622
15.42;-334.425938415
15.43;-465.009993267
15.44;-388.214845769
15.45;-415.372677272
15.46;6.21520546858
15.47;-173.235976128
15.48;-572.539655663
15.49;-806.204093142
15.5;-1052.93444969
15.51;-665.641663776
15.52;-345.048836215
15.53;-777.553346492
15.54;-109.934010664
15.55;-537.516575805
15.56;-540.142616038
15.57;-1039.01316209
15.58;-399.742321835
15.59;-597.771830423
15.6;-818.03574765
15.61;-567.449117047
15.62;-490.213661601
15.63;-977.469523799
15.64;-257.108462572
15.65;-751.524872495
15.66;-502.560855029
15.67;-839.35631093
15.68;-1112.61072071
15.69;-21.7218586802
15.7;252.528291233
15.71;-797.614837187
15.72;-658.82588643
15.73;-823.899749528
15.74;-901.206583239
15.75;-612.028726912
15.76;-1334.16838503
15.77;-379.429114079
15.78;-654.483501551
15.79;-605.551526427
15.8;-752.632783846
15.81;-655.242637224
15.82;-354.471830369
15.83;-573.434325062
15.84;-655.788255893
15.85;-1109.1701424
15.86;-657.163896363
15.87;-948.220548813
15.88;-745.409816039
15.89;-498.574088158
15.9;-466.318916678
15.91;-572.815988549
15.92;-642.865838008
15.93;-833.003197332
15.94;-1163.95117825
15.95;-484.618296767
15.96;-1184.94295352
15.97;-859.62388145
15.98;-616.16779985
15.99;-1517.01296999
16.0;-320.631881294
16.01;-782.359613346
16.02;-787.483290645
16.03;-1170.06500412
16.04;-1350.62025703
16.05;-1296.03689812
16.06;-1578.36699647
16.07;-635.071597451
16.08;-445.330191606
16.09;-1550.32454555
16.1;-541.230130024
16.11;-1364.76007946
16.12;-434.506808725
16.13;-521.346874256
16.14;-1230.79152668
16.15;-1161.4237387
16.16;-1062.37654448
16.17;-582.30772016
16.18;-1022.93478959
16.19;-1112.9520261
16.2;-1133.32725977
16.21;-1687.11407905
16.22;-1375.08012301
16.23;-1136.39950515
16.24;-1379.82874765
16.25;-1136.58732315
16.26;-1040.62467218
16.27;-1200.00197066
16.28;-1615.03587308
16.29;-1100.13083026
16.3;-1592.79260889
16.31;-738.591979359
16.32;-1652.12449809
16.33;-1200.08983861
16.34;-1092.41944008
16.35;-1464.77991327
16.36;-1489.21899715
16.37;-1014.86238904
16.38;-996.176925912
16.39;-1685.48741455
16.4;-1366.06970096
16.41;-1074.64900264
16.42;-1044.94172424
16.43;-985.207719016
16.44;-1308.03496185
16.45;-1126.97368008
16.46;-1634.75457289
16.47;-1116.02290956
16.48;-973.791222399
16.49;-698.756025523
16.5;-1328.51622165
16.51;-741.071641979
16.52;-1481.92286483
16.53;-1942.85385273
16.54;-1007.86491743
16.55;-571.526668487
16.56;-1387.65570294
16.57;-1231.3066649
16.58;-1221.11316849
16.59;-1101.86933512
16.6;-1061.62291376
16.61;-1608.54272828
16.62;-1380.6284121
16.63;-1498.06775552
16.64;-965.265156316
16.65;-1545.75048384
16.66;-1558.0533992
16.67;-1072.76008211
16.68;-1149.3729838
16.69;-1231.83933056
16.7;-1255.87394177
16.71;-1192.19133816
16.72;-1371.98929941
16.73;-1413.06749594
16.74;-2169.99342594
16.75;-1286.73910984
16.76;-1816.50790178
16.77;-1295.40914057
16.78;-1474.92112214
16.79;-1570.18538193
16.8;-2491.17771942
16.81;-1954.6968763
16.82;-934.106371885
16.83;-1044.7038422
16.84;-1440.52503796
16.85;-1379.41116718
16.86;-1658.3333399
16.87;-1975.44009016
16.88;-1861.22987996
16.89;-1138.13026125
16.9;-1320.38300486
16.91;-1695.15525762
16.92;-1409.16299742
16.93;-1873.46007436
16.94;-1562.73864238
16.95;-2008.72355931
16.96;-816.454176251
16.97;-1594.02057207
16.98;-1723.72077987
16.99;-1685.01329426
17.0;-1657.35072618
17.01;-1771.96026487
17.02;-2009.02291937
17.03;-1353.58420186
17.04;-1413.32968754
17.05;-1766.53199501
17.06;-2224.8460169
17.07;-1420.30036854
17.08;-1969.61109981
17.09;-1775.41047745
17.1;-1735.87993186
17.11;-1604.39051843
17.12;-1691.1870863
17.13;-1632.83893455
17.14;-1424.3599247
17.15;-1510.8753697
17.16;-1903.1692397
17.17;-1947.46675767
17.18;-2133.66909859
17.19;-1631.43912371
17.2;-1486.17348088
17.21;-2252.47584588
17.22;-2155.83347353
17.23;-1548.48399403
17.24;-1680.07195152
17.25;-2010.94711872
17.26;-1640.64833399
17.27;-1544.97361931
17.28;-1781.35282104
17.29;-1687.64241266
17.3;-1943.48121798
17.31;-2138.89365005
17.32;-1782.76878753
17.33;-1567.38541316
17.34;-2019.28571378
17.35;-1778.13112349
17.36;-1950.66522354
17.37;-1381.82156003
17.38;-1763.14555872
17.39;-1586.4267575
17.4;-1927.91573831
17.41;-1969.00018789
17.42;-2348.68609321
17.43;-1911.39580637
17.44;-1866.89223839
17.45;-1071.43432754
17.46;-1343.00119207
17.47;-1897.29280448
17.48;-1695.73084891
17.49;-2154.36445189
17.5;-1728.72600845
17.51;-1608.98578263
17.52;-2173.35284345
17.53;-2074.97866116
17.54;-2374.78199797
17.55;-1998.15006747
17.56;-1939.22215984
17.57;-1777.61516759
17.58;-1293.14273619
17.59;-1947.1989684
17.6;-1937.40049947
17.61;-1757.24484076
17.62;-1606.31327674
17.63;-1847.37917429
17.64;-1942.75014168
17.65;-1377.57150723
17.66;-1811.98973562
17.67;-1765.74453643
17.68;-1827.29345994
17.69;-1830.90286976
17.7;-1860.23807424
17.71;-1691.79474845
17.72;-1932.33995587
17.73;-2100.40408621
17.74;-1296.83927925
17.75;-1660.32566274
17.76;-1935.65507791
17.77;-1670.97892149
17.78;-2149.24913222
17.79;-2174.9680701
17.8;-1590.04577065
17.81;-1862.87455141
17.82;-2148.11096335
17.83;-1496.5426733
17.84;-1602.06841056
17.85;-2050.95499792
17.86;-1822.68559482
17.87;-1711.74395934
17.88;-2128.87744639
17.89;-1680.53156168
17.9;-1828.28236227
17.91;-1787.67022579
17.92;-2262.2997096
17.93;-1915.92867774
17.94;-1945.39847818
17.95;-1783.91878602
17.96;-2121.65666031
17.97;-1861.38213962
17.98;-1734.03246384
17.99;-1660.51096004
18.0;-1702.10636764
18.01;-1602.60395545
18.02;-1756.74831758
18.03;-2300.74988673
18.04;-2079.26340079
18.05;-2282.91773479
18.06;-1633.17964358
18.07;-1797.28519703
18.08;-2116.53681269
18.09;-1992.48520721
18.1;-1929.82248765
18.11;-484.501806711
18.12;-1515.85941717
18.13;-1631.07220843
18.14;-2122.45858573
18.15;-1670.34662676
18.16;-2153.0864203
18.17;-2113.28122155
18.18;-2269.7172895
18.19;-2086.63694785
18.2;-2050.98674968
18.21;-2233.82586018
18.22;-1823.44777911
18.23;-2132.22166451
18.24;-2044.75408731
18.25;-2076.29864898
18.26;-1687.62076597
18.27;-1605.31150955
18.28;-1643.70302934
18.29;-2066.64325593
18.3;-1670.90372101
18.31;-2069.78233116
18.32;-2151.32007239
18.33;-1604.95852413
18.34;-1787.08330587
18.35;-1742.71214618
18.36;-2771.46245349
18.37;-1917.99110528
18.38;-2086.94834264
18.39;-2315.7059862
18.4;-1595.76829655
18.41;-1770.88479098
18.42;-2179.03318333
18.43;-1819.44524282
18.44;-2421.49641153
18.45;-1711.9783759
18.46;-1993.3691279
18.47;-1601.25030976
18.48;-2317.03978932
18.49;-2060.90026208
18.5;-1964.2055962
18.51;-1999.84700825
18.52;-1691.28955739
18.53;-1926.33320908
18.54;-1773.03902101
18.55;-1703.74258698
18.56;-1438.646752
18.57;-1265.32131994
18.58;-2240.46050884
18.59;-1805.67569979
18.6;-1413.24226796
18.61;-1994.00322995
18.62;-1424.96624615
18.63;-1235.87914137
18.64;-1774.63825747
18.65;-1954.37186106
18.66;-1596.54164599
18.67;-1873.72959115
18.68;-1920.88623404
18.69;-1849.58528796
18.7;-1859.58728543
18.71;-1991.72871181
18.72;-2262.88495949
18.73;-1681.29420676
18.74;-1101.27203471
18.75;-1562.23016168
18.76;-1864.27723743
18.77;-1220.54843624
18.78;-1489.28607011
18.79;-2102.75074505
18.8;-1482.61402734
18.81;-5010.34701654
18.82;-1841.70162806
18.83;-1700.53901463
18.84;-1699.34692175
18.85;-1420.7016268
18.86;-1380.8060734
18.87;-1633.42823171
18.88;-1786.99428573
18.89;-1728.74934988
18.9;-1241.01770006
18.91;-1772.47461244
18.92;-1375.85510993
18.93;-1564.61697727
18.94;-1554.46362134
18.95;-1732.60852128
18.96;-1479.40246526
18.97;-2140.92182328
18.98;-1479.77670295
18.99;-1953.3616118
19.0;-1740.99985381
19.01;-924.1323082
19.02;-1397.99138307
19.03;-1953.25745361
19.04;-1069.57957913
19.05;-1151.24547917
19.06;-731.667099694
19.07;-1606.25514644
19.08;-1646.1689652
19.09;-1234.11471488
19.1;-1348.64915299
19.11;-1767.15052206
19.12;-1803.95516828
19.13;-1414.98199612
19.14;-1195.9165055
19.15;-1778.8065201
19.16;-1009.22087597
19.17;-1101.28213444
19.18;-672.774029339
19.19;-1394.35051453
19.2;-1995.56701444
19.21;-1558.44112179
19.22;-1310.82668271
19.23;-1417.27675835
19.24;-1772.47903836
19.25;-1109.07827435
19.26;-1389.25985117
19.27;-1190.03398025
19.28;-1056.60144736
19.29;-1133.62914983
19.3;-1140.75245312
19.31;-1630.609935
19.32;-1919.3019323
19.33;-1250.07057053
19.34;-1172.75719211
19.35;-386.738112469
19.36;-912.191842323
19.37;-1169.37184287
19.38;-1398.44645968
19.39;-1090.99376022
19.4;-1682.77945597
19.41;-759.923535544
19.42;-1664.01667453
19.43;-1196.57176876
19.44;-629.413369825
19.45;-699.658973037
19.46;-656.750604698
19.47;-590.593008404
19.48;-1063.50280966
19.49;-1021.89505307
19.5;-964.501173908
19.51;-601.298475552
19.52;-721.922620302
19.53;-1355.76616057
19.54;-1010.87213293
19.55;-213.837850269
19.56;-1110.46582255
19.57;-1042.72566097
19.58;-900.065814807
19.59;-431.741700644
19.6;-316.201387973
19.61;-347.701291639
19.62;-917.674491447
19.63;-934.708287902
19.64;-352.768683722
19.65;-304.589817789
19.66;-490.840358786
19.67;-520.421989036
19.68;-614.633111082
19.69;-90.6762197344
19.7;-577.206736552
19.71;-199.650655841
19.72;-569.985993774
19.73;-413.284002006
19.74;-1041.25306502
19.75;-100.032930296
19.76;-627.673854572
19.77;-220.874411082
19.78;-888.697428676
19.79;-378.488427346
19.8;-399.130334366
19.81;-658.656057175
19.82;-361.725452211
19.83;-36.7915320359
19.84;-810.56967029
19.85;113.329200604
19.86;401.696816278
19.87;-360.835501046
19.88;-160.727260117
19.89;14.9537822407
19.9;-307.808867567
19.91;-79.3979523137
19.92;-178.781686798
19.93;83.9909800374
19.94;-467.703831311
19.95;-0.229956411201
19.96;293.561815549
19.97;77.5782195619
19.98;-242.743568821
19.99;312.837239974
20.0;-81.7797504973
20.01;74.8045095975
20.02;71.3226187828
20.03;-517.289541043
20.04;248.445196742
20.05;-187.779337111
20.06;-67.3575128577
20.07;-119.324615032
20.08;352.703604708
20.09;430.370378165
20.1;380.739428882
20.11;-671.849954978
20.12;160.660657268
20.13;50.7280820307
20.14;-74.4529344885
20.15;361.737291979
20.16;532.655040468
20.17;208.017338645
20.18;219.409195702
20.19;198.084199235
20.2;337.131684369
20.21;885.169821011
20.22;455.101224937
20.23;782.438899936
20.24;465.639356702
20.25;367.221926294
20.26;510.430704302
20.27;818.857100687
20.28;297.038638287
20.29;574.063627549
20.3;630.090809404
20.31;893.395073774
20.32;585.835687996
20.33;756.591988492
20.34;887.103680971
20.35;767.200096355
20.36;844.672721335
20.37;606.607562383
20.38;508.819580809
20.39;1049.00695967
20.4;926.341247463
20.41;863.906122456
20.42;1113.59147556
20.43;886.074221195
20.44;1405.73324247
20.45;1876.23585301
20.46;1481.03688821
20.47;971.555875914
20.48;802.723260939
20.49;1416.43793609
20.5;1301.69443057
20.51;831.463200736
20.52;1514.30349438
20.53;1539.27666225
20.54;1061.96585283
20.55;1359.98366943
20.56;1286.05411621
20.57;1803.07876865
20.58;1300.44244949
20.59;1837.21496429
20.6;1566.38263271
20.61;1686.21800639
20.62;1508.94872688
20.63;1886.58118178
20.64;1831.98262355
20.65;1642.6626146
20.66;1541.15221899
20.67;1857.06128041
20.68;2313.61230451
20.69;1962.67971126
20.7;2241.74039792
20.71;1821.01770297
20.72;1418.70225378
20.73;2365.65649422
20.74;1757.92910064
20.75;1984.11733391
20.76;2710.67659189
20.77;2894.30927595
20.78;2884.05475859
20.79;2276.88405655
20.8;2243.20503564
20.81;2692.66814896
20.82;2351.55594283
20.83;2355.88208429
20.84;2143.06405135
20.85;1941.90207205
20.86;2227.81849129
20.87;2153.22048038
20.88;2276.32595099
20.89;3084.75740232
20.9;2695.45294719
20.91;2197.8148614
20.92;2718.96143885
20.93;2449.6413311
20.94;3118.07443139
20.95;2717.29752091
20.96;2934.48235976
20.97;2551.92933094
20.98;2970.87398811
20.99;3075.42770537
